INSERT INTO cities (city_name, state_id, status) VALUES

-- 1. Andhra Pradesh
('Visakhapatnam',1,'A'),('Vijayawada',1,'A'),('Guntur',1,'A'),('Nellore',1,'A'),
('Kurnool',1,'A'),('Rajahmundry',1,'A'),('Kadapa',1,'A'),('Eluru',1,'A'),
('Anantapur',1,'A'),('Ongole',1,'A'),

-- 2. Arunachal Pradesh
('Itanagar',2,'A'),('Naharlagun',2,'A'),('Pasighat',2,'A'),('Tawang',2,'A'),
('Ziro',2,'A'),('Bomdila',2,'A'),('Aalo',2,'A'),('Tezu',2,'A'),
('Roing',2,'A'),('Changlang',2,'A'),

-- 3. Assam
('Guwahati',3,'A'),('Silchar',3,'A'),('Dibrugarh',3,'A'),('Jorhat',3,'A'),
('Tezpur',3,'A'),('Nagaon',3,'A'),('Tinsukia',3,'A'),('Sivasagar',3,'A'),
('Karimganj',3,'A'),('Goalpara',3,'A'),

-- 4. Bihar
('Patna',4,'A'),('Gaya',4,'A'),('Bhagalpur',4,'A'),('Muzaffarpur',4,'A'),
('Darbhanga',4,'A'),('Purnia',4,'A'),('Ara',4,'A'),('Begusarai',4,'A'),
('Katihar',4,'A'),('Munger',4,'A'),

-- 5. Chhattisgarh
('Raipur',5,'A'),('Bilaspur',5,'A'),('Durg',5,'A'),('Bhilai',5,'A'),
('Korba',5,'A'),('Raigarh',5,'A'),('Jagdalpur',5,'A'),('Ambikapur',5,'A'),
('Dhamtari',5,'A'),('Mahasamund',5,'A'),

-- 6. Goa
('Panaji',6,'A'),('Margao',6,'A'),('Vasco da Gama',6,'A'),('Mapusa',6,'A'),
('Ponda',6,'A'),('Bicholim',6,'A'),('Curchorem',6,'A'),('Canacona',6,'A'),
('Valpoi',6,'A'),('Quepem',6,'A'),

-- 7. Gujarat
('Ahmedabad',7,'A'),('Surat',7,'A'),('Vadodara',7,'A'),('Rajkot',7,'A'),
('Bhavnagar',7,'A'),('Jamnagar',7,'A'),('Junagadh',7,'A'),('Anand',7,'A'),
('Nadiad',7,'A'),('Gandhinagar',7,'A'),

-- 8. Haryana
('Gurgaon',8,'A'),('Faridabad',8,'A'),('Panipat',8,'A'),('Ambala',8,'A'),
('Karnal',8,'A'),('Rohtak',8,'A'),('Hisar',8,'A'),('Sonipat',8,'A'),
('Yamunanagar',8,'A'),('Sirsa',8,'A'),

-- 9. Himachal Pradesh
('Shimla',9,'A'),('Manali',9,'A'),('Dharamshala',9,'A'),('Solan',9,'A'),
('Mandi',9,'A'),('Kullu',9,'A'),('Hamirpur',9,'A'),('Una',9,'A'),
('Chamba',9,'A'),('Bilaspur',9,'A'),

-- 10. Jharkhand
('Ranchi',10,'A'),('Jamshedpur',10,'A'),('Dhanbad',10,'A'),('Bokaro',10,'A'),
('Hazaribagh',10,'A'),('Deoghar',10,'A'),('Giridih',10,'A'),('Ramgarh',10,'A'),
('Chaibasa',10,'A'),('Phusro',10,'A'),

-- 11. Karnataka
('Bengaluru',11,'A'),('Mysuru',11,'A'),('Mangaluru',11,'A'),('Hubli',11,'A'),
('Dharwad',11,'A'),('Belagavi',11,'A'),('Ballari',11,'A'),('Shivamogga',11,'A'),
('Tumakuru',11,'A'),('Udupi',11,'A'),

-- 12. Kerala
('Thiruvananthapuram',12,'A'),('Kochi',12,'A'),('Kozhikode',12,'A'),('Thrissur',12,'A'),
('Kannur',12,'A'),('Alappuzha',12,'A'),('Palakkad',12,'A'),('Kollam',12,'A'),
('Kottayam',12,'A'),('Malappuram',12,'A'),

-- 13. Madhya Pradesh
('Bhopal',13,'A'),('Indore',13,'A'),('Gwalior',13,'A'),('Jabalpur',13,'A'),
('Ujjain',13,'A'),('Sagar',13,'A'),('Ratlam',13,'A'),('Satna',13,'A'),
('Rewa',13,'A'),('Chhindwara',13,'A'),

-- 14. Maharashtra
('Mumbai',14,'A'),('Pune',14,'A'),('Nagpur',14,'A'),('Nashik',14,'A'),
('Aurangabad',14,'A'),('Solapur',14,'A'),('Kolhapur',14,'A'),('Amravati',14,'A'),
('Thane',14,'A'),('Jalgaon',14,'A'),

-- 15. Manipur
('Imphal',15,'A'),('Thoubal',15,'A'),('Bishnupur',15,'A'),('Churachandpur',15,'A'),
('Ukhrul',15,'A'),('Senapati',15,'A'),('Kakching',15,'A'),('Jiribam',15,'A'),
('Tamenglong',15,'A'),('Moreh',15,'A'),

-- 16. Meghalaya
('Shillong',16,'A'),('Tura',16,'A'),('Nongpoh',16,'A'),('Jowai',16,'A'),
('Baghmara',16,'A'),('Williamnagar',16,'A'),('Resubelpara',16,'A'),
('Mairang',16,'A'),('Khliehriat',16,'A'),('Ampati',16,'A'),

-- 17. Mizoram
('Aizawl',17,'A'),('Lunglei',17,'A'),('Champhai',17,'A'),('Serchhip',17,'A'),
('Kolasib',17,'A'),('Lawngtlai',17,'A'),('Saiha',17,'A'),
('Biate',17,'A'),('Khawzawl',17,'A'),('Hnahthial',17,'A'),

-- 18. Nagaland
('Kohima',18,'A'),('Dimapur',18,'A'),('Mokokchung',18,'A'),('Tuensang',18,'A'),
('Wokha',18,'A'),('Zunheboto',18,'A'),('Mon',18,'A'),
('Phek',18,'A'),('Longleng',18,'A'),('Chumukedima',18,'A'),

-- 19. Odisha
('Bhubaneswar',19,'A'),('Cuttack',19,'A'),('Rourkela',19,'A'),('Sambalpur',19,'A'),
('Berhampur',19,'A'),('Balasore',19,'A'),('Baripada',19,'A'),
('Jharsuguda',19,'A'),('Puri',19,'A'),('Jeypore',19,'A'),

-- 20. Punjab
('Chandigarh',20,'A'),('Ludhiana',20,'A'),('Amritsar',20,'A'),('Jalandhar',20,'A'),
('Patiala',20,'A'),('Bathinda',20,'A'),('Hoshiarpur',20,'A'),
('Mohali',20,'A'),('Pathankot',20,'A'),('Moga',20,'A'),

-- 21. Rajasthan
('Jaipur',21,'A'),('Jodhpur',21,'A'),('Udaipur',21,'A'),('Kota',21,'A'),
('Ajmer',21,'A'),('Bikaner',21,'A'),('Alwar',21,'A'),
('Bharatpur',21,'A'),('Sikar',21,'A'),('Pali',21,'A'),

-- 22. Sikkim
('Gangtok',22,'A'),('Namchi',22,'A'),('Gyalshing',22,'A'),('Mangan',22,'A'),
('Rangpo',22,'A'),('Singtam',22,'A'),('Ravangla',22,'A'),
('Soreng',22,'A'),('Pakyong',22,'A'),('Jorethang',22,'A'),

-- 23. Tamil Nadu
('Chennai',23,'A'),('Coimbatore',23,'A'),('Madurai',23,'A'),('Salem',23,'A'),
('Tiruchirappalli',23,'A'),('Erode',23,'A'),('Vellore',23,'A'),
('Thoothukudi',23,'A'),('Tirunelveli',23,'A'),('Dindigul',23,'A'),

-- 24. Telangana
('Hyderabad',24,'A'),('Warangal',24,'A'),('Nizamabad',24,'A'),('Karimnagar',24,'A'),
('Khammam',24,'A'),('Ramagundam',24,'A'),('Mahbubnagar',24,'A'),
('Adilabad',24,'A'),('Siddipet',24,'A'),('Suryapet',24,'A'),

-- 25. Tripura
('Agartala',25,'A'),('Udaipur',25,'A'),('Dharmanagar',25,'A'),('Kailashahar',25,'A'),
('Belonia',25,'A'),('Khowai',25,'A'),('Ambassa',25,'A'),
('Sonamura',25,'A'),('Sabroom',25,'A'),('Teliamura',25,'A'),

-- 26. Uttar Pradesh
('Lucknow',26,'A'),('Noida',26,'A'),('Kanpur',26,'A'),('Agra',26,'A'),
('Varanasi',26,'A'),('Prayagraj',26,'A'),('Meerut',26,'A'),
('Ghaziabad',26,'A'),('Bareilly',26,'A'),('Aligarh',26,'A'),

-- 27. Uttarakhand
('Dehradun',27,'A'),('Haridwar',27,'A'),('Rishikesh',27,'A'),('Roorkee',27,'A'),
('Haldwani',27,'A'),('Nainital',27,'A'),('Almora',27,'A'),
('Pithoragarh',27,'A'),('Rudrapur',27,'A'),('Kashipur',27,'A'),

-- 28. West Bengal
('Kolkata',28,'A'),('Howrah',28,'A'),('Durgapur',28,'A'),('Asansol',28,'A'),
('Siliguri',28,'A'),('Bardhaman',28,'A'),('Kharagpur',28,'A'),
('Haldia',28,'A'),('Krishnanagar',28,'A'),('Jalpaiguri',28,'A'),

-- 29. Andaman & Nicobar Islands
('Port Blair',29,'A'),('Diglipur',29,'A'),('Mayabunder',29,'A'),('Rangat',29,'A'),
('Hut Bay',29,'A'),('Bamboo Flat',29,'A'),('Garacharma',29,'A'),
('Malacca',29,'A'),('Ferrargunj',29,'A'),('Car Nicobar',29,'A'),

-- 30. Chandigarh
('Chandigarh',30,'A'),('Sector 17',30,'A'),('Sector 22',30,'A'),
('Sector 35',30,'A'),('Sector 43',30,'A'),('Manimajra',30,'A'),
('Sector 8',30,'A'),('Sector 9',30,'A'),('Sector 15',30,'A'),('Sector 34',30,'A'),

-- 31. Dadra & Nagar Haveli and Daman & Diu
('Daman',31,'A'),('Diu',31,'A'),('Silvassa',31,'A'),('Vapi',31,'A'),
('Amli',31,'A'),('Naroli',31,'A'),('Kachigam',31,'A'),
('Bhimpore',31,'A'),('Dabhel',31,'A'),('Marwad',31,'A'),

-- 32. Delhi
('New Delhi',32,'A'),('Delhi',32,'A'),('Dwarka',32,'A'),('Rohini',32,'A'),
('Saket',32,'A'),('Karol Bagh',32,'A'),('Lajpat Nagar',32,'A'),
('Pitampura',32,'A'),('Janakpuri',32,'A'),('Vasant Kunj',32,'A'),

-- 33. Jammu & Kashmir
('Srinagar',33,'A'),('Jammu',33,'A'),('Anantnag',33,'A'),('Baramulla',33,'A'),
('Pulwama',33,'A'),('Kupwara',33,'A'),('Kathua',33,'A'),
('Udhampur',33,'A'),('Poonch',33,'A'),('Rajouri',33,'A'),

-- 34. Ladakh
('Leh',34,'A'),('Kargil',34,'A'),('Diskit',34,'A'),('Nubra',34,'A'),
('Zanskar',34,'A'),('Dras',34,'A'),('Nyoma',34,'A'),
('Khaltsi',34,'A'),('Choglamsar',34,'A'),('Tangtse',34,'A'),

-- 35. Lakshadweep
('Kavaratti',35,'A'),('Agatti',35,'A'),('Amini',35,'A'),('Andrott',35,'A'),
('Kalpeni',35,'A'),('Kadmat',35,'A'),('Minicoy',35,'A'),
('Chetlat',35,'A'),('Bitra',35,'A'),('Bangaram',35,'A'),

-- 36. Puducherry
('Puducherry',36,'A'),('Karaikal',36,'A'),('Mahe',36,'A'),('Yanam',36,'A'),
('Ozhukarai',36,'A'),('Villianur',36,'A'),('Bahour',36,'A'),
('Ariyankuppam',36,'A'),('Nettapakkam',36,'A'),('Mannadipet',36,'A');
